Job Description,Top Resume,Score
16852973,10554236.pdf,0.0
22323967,10554236.pdf,0.0
33176873,10554236.pdf,0.0
27018550,10554236.pdf,0.0
17812897,10554236.pdf,0.0
11592605,10554236.pdf,0.0
25824789,10554236.pdf,0.0
15375009,10554236.pdf,0.0
11847784,10554236.pdf,0.0
32896934,10554236.pdf,0.0
29149998,10554236.pdf,0.0
11480899,10554236.pdf,0.0
23155093,10554236.pdf,0.0
11763983,10554236.pdf,0.0
27490876,10554236.pdf,0.0
32977530,10554236.pdf,0.0
93002334,10554236.pdf,0.0
24184357,10554236.pdf,0.0
73077810,10554236.pdf,0.0
13879043,10554236.pdf,0.0
30163002,10554236.pdf,0.0
18827609,10554236.pdf,0.0
25676643,10554236.pdf,0.0
12786012,10554236.pdf,0.0
87968870,10554236.pdf,0.0
46258701,10554236.pdf,0.0
14225422,10554236.pdf,0.0
29297973,10554236.pdf,0.0
18334783,10554236.pdf,0.0
19717385,10554236.pdf,0.0
49937469,10554236.pdf,0.0
18316239,10554236.pdf,0.0
17855844,10554236.pdf,0.0
57667857,10554236.pdf,0.0
17422560,10554236.pdf,0.0
32947778,10554236.pdf,0.0
23914451,10554236.pdf,0.0
21265194,10554236.pdf,0.0
51769822,10554236.pdf,0.0
19616406,10554236.pdf,0.0
41523474,10554236.pdf,0.0
59962788,10554236.pdf,0.0
86184722,10554236.pdf,0.0
28419173,10554236.pdf,0.0
18155310,10554236.pdf,0.0
26780935,10554236.pdf,0.0
34554248,10554236.pdf,0.0
26202430,10554236.pdf,0.0
19867922,10554236.pdf,0.0
91930382,10554236.pdf,0.0
30646367,10554236.pdf,0.0
39650734,10554236.pdf,0.0
72231872,10554236.pdf,0.0
13520837,10554236.pdf,0.0
18422164,10554236.pdf,0.0
30862904,10554236.pdf,0.0
52979663,10554236.pdf,0.0
28828844,10554236.pdf,0.0
21830565,10554236.pdf,0.0
27523575,10554236.pdf,0.0
39081840,10554236.pdf,0.0
20925036,10554236.pdf,0.0
15576950,10554236.pdf,0.0
29564653,10554236.pdf,0.0
14886205,10554236.pdf,0.0
17412079,10554236.pdf,0.0
16861758,10554236.pdf,0.0
93112113,10554236.pdf,0.0
15041689,10554236.pdf,0.0
80162314,10554236.pdf,0.0
20993320,10554236.pdf,0.0
14640322,10554236.pdf,0.0
26289308,10554236.pdf,0.0
23408537,10554236.pdf,0.0
28808263,10554236.pdf,0.0
18084150,10554236.pdf,0.0
26671167,10554236.pdf,0.0
44476983,10554236.pdf,0.0
16877897,10554236.pdf,0.0
29091445,10554236.pdf,0.0
25724495,10554236.pdf,0.0
24508725,10554236.pdf,0.0
11698189,10554236.pdf,0.0
27165830,10554236.pdf,0.0
47470864,10554236.pdf,0.0
34740556,10554236.pdf,0.0
18557164,10554236.pdf,0.0
19179079,10554236.pdf,0.0
13376919,10554236.pdf,0.0
26048718,10554236.pdf,0.0
17150707,10554236.pdf,0.0
18297650,10554236.pdf,0.0
23510685,10554236.pdf,0.0
39970711,10554236.pdf,0.0
20806155,10554236.pdf,0.0
28640735,10554236.pdf,0.0
15575117,10554236.pdf,0.0
27496514,10554236.pdf,0.0
14256329,10554236.pdf,0.0
19336728,10554236.pdf,0.0
10694288,10554236.pdf,0.0
28175164,10554236.pdf,0.0
10399912,10554236.pdf,0.0
20417897,10554236.pdf,0.0
18731098,10554236.pdf,0.0
30563572,10554236.pdf,0.0
24402267,10554236.pdf,0.0
32308556,10554236.pdf,0.0
27847081,10554236.pdf,0.0
25150191,10554236.pdf,0.0
37058472,10554236.pdf,0.0
68240723,10554236.pdf,0.0
76010167,10554236.pdf,0.0
19164410,10554236.pdf,0.0
29147100,10554236.pdf,0.0
25061645,10554236.pdf,0.0
11919526,10554236.pdf,0.0
81011612,10554236.pdf,0.0
11722421,10554236.pdf,0.0
13774329,10554236.pdf,0.0
35990852,10554236.pdf,0.0
36269672,10554236.pdf,0.0
90066849,10554236.pdf,0.0
27529455,10554236.pdf,0.0
85101052,10554236.pdf,0.0
22567495,10554236.pdf,0.0
10751444,10554236.pdf,0.0
11807040,10554236.pdf,0.0
12415691,10554236.pdf,0.0
38565119,10554236.pdf,0.0
21705160,10554236.pdf,0.0
26496059,10554236.pdf,0.0
29524570,10554236.pdf,0.0
15936656,10554236.pdf,0.0
13557622,10554236.pdf,0.0
41506705,10554236.pdf,0.0
32954522,10554236.pdf,0.0
44185767,10554236.pdf,0.0
14014749,10554236.pdf,0.0
34349255,10554236.pdf,0.0
16288901,10554236.pdf,0.0
25422388,10554236.pdf,0.0
22496394,10554236.pdf,0.0
38744475,10554236.pdf,0.0
67582956,10554236.pdf,0.0
26676567,10554236.pdf,0.0
14724186,10554236.pdf,0.0
10748989,10554236.pdf,0.0
26924514,10554236.pdf,0.0
12674307,10554236.pdf,0.0
23951429,10554236.pdf,0.0
26046064,10554236.pdf,0.0
28326441,10554236.pdf,0.0
78149576,10554236.pdf,0.0
17555081,10554236.pdf,0.0
39776400,10554236.pdf,0.0
37263609,10554236.pdf,0.0
13518263,10554236.pdf,0.0
11155153,10554236.pdf,0.0
54201930,10554236.pdf,0.0
10466583,10554236.pdf,0.0
26790545,10554236.pdf,0.0
11958994,10554236.pdf,0.0
30968749,10554236.pdf,0.0
20932019,10554236.pdf,0.0
51681660,10554236.pdf,0.0
34657584,10554236.pdf,0.0
15471999,10554236.pdf,0.0
18979238,10554236.pdf,0.0
26622051,10554236.pdf,0.0
22675694,10554236.pdf,0.0
25023614,10554236.pdf,0.0
20390397,10554236.pdf,0.0
17199951,10554236.pdf,0.0
14743911,10554236.pdf,0.0
24455357,10554236.pdf,0.0
91153752,10554236.pdf,0.0
14528265,10554236.pdf,0.0
18460045,10554236.pdf,0.0
20986595,10554236.pdf,0.0
20748926,10554236.pdf,0.0
32532982,10554236.pdf,0.0
34317538,10554236.pdf,0.0
19195747,10554236.pdf,0.0
12547982,10554236.pdf,0.0
94417768,10554236.pdf,0.0
24655918,10554236.pdf,0.0
27497542,10554236.pdf,0.0
62312955,10554236.pdf,0.0
22506245,10554236.pdf,0.0
28663949,10554236.pdf,0.0
39434376,10554236.pdf,0.0
13998435,10554236.pdf,0.0
30965258,10554236.pdf,0.0
18835363,10554236.pdf,0.0
26503829,10554236.pdf,0.0
18198627,10554236.pdf,0.0
39252859,10554236.pdf,0.0
34051710,10554236.pdf,0.0
37664296,10554236.pdf,0.0
21916744,10554236.pdf,0.0
15425154,10554236.pdf,0.0
24285142,10554236.pdf,0.0
24583187,10554236.pdf,0.0
29865476,10554236.pdf,0.0
25949631,10554236.pdf,0.0
21283733,10554236.pdf,0.0
51018476,10554236.pdf,0.0
13014900,10554236.pdf,0.0
44145704,10554236.pdf,0.0
18795567,10554236.pdf,0.0
42384185,10554236.pdf,0.0
26942552,10554236.pdf,0.0
67645662,10554236.pdf,0.0
34511655,10554236.pdf,0.0
37695494,10554236.pdf,0.0
93301686,10554236.pdf,0.0
36856210,10554236.pdf,0.0
21780877,10554236.pdf,0.0
33241454,10554236.pdf,0.0
25990239,10554236.pdf,0.0
16899268,10554236.pdf,0.0
91635250,10554236.pdf,0.0
19796840,10554236.pdf,0.0
15651486,10554236.pdf,0.0
52246737,10554236.pdf,0.0
12045067,10554236.pdf,0.0
13836471,10554236.pdf,0.0
14789139,10554236.pdf,0.0
36434348,10554236.pdf,0.0
27536013,10554236.pdf,0.0
18301617,10554236.pdf,0.0
24913648,10554236.pdf,0.0
26801767,10554236.pdf,0.0
27372171,10554236.pdf,0.0
91697974,10554236.pdf,0.0
28672970,10554236.pdf,0.0
66832845,10554236.pdf,0.0
25207620,10554236.pdf,0.0
41344156,10554236.pdf,0.0
68460556,10554236.pdf,0.0
10247517,10554236.pdf,0.0
25959103,10554236.pdf,0.0
13385306,10554236.pdf,0.0
38753827,10554236.pdf,0.0
17681064,10554236.pdf,0.0
25905275,10554236.pdf,0.0
11580408,10554236.pdf,0.0
19201175,10554236.pdf,0.0
12635195,10554236.pdf,0.0
32959732,10554236.pdf,0.0
17688766,10554236.pdf,0.0
20024870,10554236.pdf,0.0
22450718,10554236.pdf,0.0
46260230,10554236.pdf,0.0
10839851,10554236.pdf,0.0
18752129,10554236.pdf,0.0
37764298,10554236.pdf,0.0
90867631,10554236.pdf,0.0
17641670,10554236.pdf,0.0
24889109,10554236.pdf,0.0
24083609,10554236.pdf,0.0
24038620,10554236.pdf,0.0
29051656,10554236.pdf,0.0
20237244,10554236.pdf,0.0
20001721,10554236.pdf,0.0
92069209,10554236.pdf,0.0
13405733,10554236.pdf,0.0
28697203,10554236.pdf,0.0
28035460,10554236.pdf,0.0
21283365,10554236.pdf,0.0
17987433,10554236.pdf,0.0
10553553,10554236.pdf,0.0
15118506,10554236.pdf,0.0
18176523,10554236.pdf,0.0
24020470,10554236.pdf,0.0
70089206,10554236.pdf,0.0
27770859,10554236.pdf,0.0
57002858,10554236.pdf,0.0
13477922,10554236.pdf,0.0
28126340,10554236.pdf,0.0
37242217,10554236.pdf,0.0
10089434,10554236.pdf,0.0
11957080,10554236.pdf,0.0
35325329,10554236.pdf,0.0
10840430,10554236.pdf,0.0
64017585,10554236.pdf,0.0
19850482,10554236.pdf,0.0
52618188,10554236.pdf,0.0
28897981,10554236.pdf,0.0
51639418,10554236.pdf,0.0
20674668,10554236.pdf,0.0
23527321,10554236.pdf,0.0
18159866,10554236.pdf,0.0
22776912,10554236.pdf,0.0
23864648,10554236.pdf,0.0
18187364,10554236.pdf,0.0
83816738,10554236.pdf,0.0
20824105,10554236.pdf,0.0
33381211,10554236.pdf,0.0
16533554,10554236.pdf,0.0
20879311,10554236.pdf,0.0
31111279,10554236.pdf,0.0
17111768,10554236.pdf,0.0
11584809,10554236.pdf,0.0
20408458,10554236.pdf,0.0
91121135,10554236.pdf,0.0
24230851,10554236.pdf,0.0
40018190,10554236.pdf,0.0
16186411,10554236.pdf,0.0
29975124,10554236.pdf,0.0
26746496,10554236.pdf,0.0
89413122,10554236.pdf,0.0
12334140,10554236.pdf,0.0
10641230,10554236.pdf,0.0
10265057,10554236.pdf,0.0
30223363,10554236.pdf,0.0
15791766,10554236.pdf,0.0
29075857,10554236.pdf,0.0
12763627,10554236.pdf,0.0
39718499,10554236.pdf,0.0
27058381,10554236.pdf,0.0
25857360,10554236.pdf,0.0
26768723,10554236.pdf,0.0
31243710,10554236.pdf,0.0
15297298,10554236.pdf,0.0
27295996,10554236.pdf,0.0
39413067,10554236.pdf,0.0
48037995,10554236.pdf,0.0
15802627,10554236.pdf,0.0
51363762,10554236.pdf,0.0
18067556,10554236.pdf,0.0
27485716,10554236.pdf,0.0
26480367,10554236.pdf,0.0
81761658,10554236.pdf,0.0
79541391,10554236.pdf,0.0
23666211,10554236.pdf,0.0
12467531,10554236.pdf,0.0
19918523,10554236.pdf,0.0
62184086,10554236.pdf,0.0
28063132,10554236.pdf,0.0
29797594,10554236.pdf,0.0
22408666,10554236.pdf,0.0
13087952,10554236.pdf,0.0
15850434,10554236.pdf,0.0
28772892,10554236.pdf,0.0
33704389,10554236.pdf,0.0
16210888,10554236.pdf,0.0
38750659,10554236.pdf,0.0
90363254,10554236.pdf,0.0
66906212,10554236.pdf,0.0
34745915,10554236.pdf,0.0
34689720,10554236.pdf,0.0
48547319,10554236.pdf,0.0
19464810,10554236.pdf,0.0
28086303,10554236.pdf,0.0
13855004,10554236.pdf,0.0
35421497,10554236.pdf,0.0
69005326,10554236.pdf,0.0
18001081,10554236.pdf,0.0
14958913,10554236.pdf,0.0
13296856,10554236.pdf,0.0
63391085,10554236.pdf,0.0
23939133,10554236.pdf,0.0
96547039,10554236.pdf,0.0
22807104,10554236.pdf,0.0
23628651,10554236.pdf,0.0
29486525,10554236.pdf,0.0
22510753,10554236.pdf,0.0
21773106,10554236.pdf,0.0
34465087,10554236.pdf,0.0
24791126,10554236.pdf,0.0
15899269,10554236.pdf,0.0
37402097,10554236.pdf,0.0
36206485,10554236.pdf,0.0
36569713,10554236.pdf,0.0
28013287,10554236.pdf,0.0
29267293,10554236.pdf,0.0
45286020,10554236.pdf,0.0
13330982,10554236.pdf,0.0
22551979,10554236.pdf,0.0
29639533,10554236.pdf,0.0
49285644,10554236.pdf,0.0
16270906,10554236.pdf,0.0
27531694,10554236.pdf,0.0
74816727,10554236.pdf,0.0
23398843,10554236.pdf,0.0
31552617,10554236.pdf,0.0
19556300,10554236.pdf,0.0
66683238,10554236.pdf,0.0
17311685,10554236.pdf,0.0
17481570,10554236.pdf,0.0
22884757,10554236.pdf,0.0
58708773,10554236.pdf,0.0
10527994,10554236.pdf,0.0
69532425,10554236.pdf,0.0
20399718,10554236.pdf,0.0
19302310,10554236.pdf,0.0
51209395,10554236.pdf,0.0
22632070,10554236.pdf,0.0
22056333,10554236.pdf,0.0
11336022,10554236.pdf,0.0
11616482,10554236.pdf,0.0
34033933,10554236.pdf,0.0
21531811,10554236.pdf,0.0
20626794,10554236.pdf,0.0
58665241,10554236.pdf,0.0
37660306,10554236.pdf,0.0
13583538,10554236.pdf,0.0
20230207,10554236.pdf,0.0
28642819,10554236.pdf,0.0
16820422,10554236.pdf,0.0
29930479,10554236.pdf,0.0
25588694,10554236.pdf,0.0
86597425,10554236.pdf,0.0
10909720,10554236.pdf,0.0
28933005,10554236.pdf,0.0
53129155,10554236.pdf,0.0
11943065,10554236.pdf,0.0
45987048,10554236.pdf,0.0
99244405,10554236.pdf,0.0
32067700,10554236.pdf,0.0
27126818,10554236.pdf,0.0
19786924,10554236.pdf,0.0
70892619,10554236.pdf,0.0
25729119,10554236.pdf,0.0
58105060,10554236.pdf,0.0
12587973,10554236.pdf,0.0
21611212,10554236.pdf,0.0
21550454,10554236.pdf,0.0
86322251,10554236.pdf,0.0
22968380,10554236.pdf,0.0
10504237,10554236.pdf,0.0
24240349,10554236.pdf,0.0
20478831,10554236.pdf,0.0
79663360,10554236.pdf,0.0
76196367,10554236.pdf,0.0
27524018,10554236.pdf,0.0
27798860,10554236.pdf,0.0
14445309,10554236.pdf,0.0
35474904,10554236.pdf,0.0
37348041,10554236.pdf,0.0
89508407,10554236.pdf,0.0
25873425,10554236.pdf,0.0
31040875,10554236.pdf,0.0
11188218,10554236.pdf,0.0
73448369,10554236.pdf,0.0
42164460,10554236.pdf,0.0
18725071,10554236.pdf,0.0
28974459,10554236.pdf,0.0
38291889,10554236.pdf,0.0
12171093,10554236.pdf,0.0
13967854,10554236.pdf,0.0
90468982,10554236.pdf,0.0
49475708,10554236.pdf,0.0
54067174,10554236.pdf,0.0
49486820,10554236.pdf,0.0
38860712,10554236.pdf,0.0
16332348,10554236.pdf,0.0
34970271,10554236.pdf,0.0
14064815,10554236.pdf,0.0
12544735,10554236.pdf,0.0
20138606,10554236.pdf,0.0
36694627,10554236.pdf,0.0
29926588,10554236.pdf,0.0
28206098,10554236.pdf,0.0
20765795,10554236.pdf,0.0
20272792,10554236.pdf,0.0
20324037,10554236.pdf,0.0
53169257,10554236.pdf,0.0
24588864,10554236.pdf,0.0
11963737,10554236.pdf,0.0
13593241,10554236.pdf,0.0
22391901,10554236.pdf,0.0
10344379,10554236.pdf,0.0
74126637,10554236.pdf,0.0
26071861,10554236.pdf,0.0
24410405,10554236.pdf,0.0
14146106,10554236.pdf,0.0
74191424,10554236.pdf,0.0
10186968,10554236.pdf,0.0
20400279,10554236.pdf,0.0
23427369,10554236.pdf,0.0
95714702,10554236.pdf,0.0
18997135,10554236.pdf,0.0
11773767,10554236.pdf,0.0
78538268,10554236.pdf,0.0
13909762,10554236.pdf,0.0
20604208,10554236.pdf,0.0
72652441,10554236.pdf,0.0
24754689,10554236.pdf,0.0
75057933,10554236.pdf,0.0
19063156,10554236.pdf,0.0
91051945,10554236.pdf,0.0
14176254,10554236.pdf,0.0
22259475,10554236.pdf,0.0
37560528,10554236.pdf,0.0
23577836,10554236.pdf,0.0
36392131,10554236.pdf,0.0
32965335,10554236.pdf,0.0
21614256,10554236.pdf,0.0
97405769,10554236.pdf,0.0
95970987,10554236.pdf,0.0
17021141,10554236.pdf,0.0
15337481,10554236.pdf,0.0
75950464,10554236.pdf,0.0
19518606,10554236.pdf,0.0
15727656,10554236.pdf,0.0
31242382,10554236.pdf,0.0
29173771,10554236.pdf,0.0
19108760,10554236.pdf,0.0
14708590,10554236.pdf,0.0
77439230,10554236.pdf,0.0
40088790,10554236.pdf,0.0
22042181,10554236.pdf,0.0
29415426,10554236.pdf,0.0
37333719,10554236.pdf,0.0
15313140,10554236.pdf,0.0
13072354,10554236.pdf,0.0
20544228,10554236.pdf,0.0
30741799,10554236.pdf,0.0
17847636,10554236.pdf,0.0
80503242,10554236.pdf,0.0
26456474,10554236.pdf,0.0
10818478,10554236.pdf,0.0
24124250,10554236.pdf,0.0
37640804,10554236.pdf,0.0
27182111,10554236.pdf,0.0
11174187,10554236.pdf,0.0
47133747,10554236.pdf,0.0
10659182,10554236.pdf,0.0
35344611,10554236.pdf,0.0
13342150,10554236.pdf,0.0
28111403,10554236.pdf,0.0
34327438,10554236.pdf,0.0
15958967,10554236.pdf,0.0
13115648,10554236.pdf,0.0
46772262,10554236.pdf,0.0
38059130,10554236.pdf,0.0
24695561,10554236.pdf,0.0
93512385,10554236.pdf,0.0
38698573,10554236.pdf,0.0
18090899,10554236.pdf,0.0
23804341,10554236.pdf,0.0
29177904,10554236.pdf,0.0
17911230,10554236.pdf,0.0
19926135,10554236.pdf,0.0
44115326,10554236.pdf,0.0
75435017,10554236.pdf,0.0
19234823,10554236.pdf,0.0
13809698,10554236.pdf,0.0
17254634,10554236.pdf,0.0
28871170,10554236.pdf,0.0
24946537,10554236.pdf,0.0
28635795,10554236.pdf,0.0
24763208,10554236.pdf,0.0
17165107,10554236.pdf,0.0
65708020,10554236.pdf,0.0
36805025,10554236.pdf,0.0
13080868,10554236.pdf,0.0
20748929,10554236.pdf,0.0
26581830,10554236.pdf,0.0
38688388,10554236.pdf,0.0
25397102,10554236.pdf,0.0
12059198,10554236.pdf,0.0
10228751,10554236.pdf,0.0
61677751,10554236.pdf,0.0
20553895,10554236.pdf,0.0
18757174,10554236.pdf,0.0
14726000,10554236.pdf,0.0
29208172,10554236.pdf,0.0
40792022,10554236.pdf,0.0
17095812,10554236.pdf,0.0
27850777,10554236.pdf,0.0
90629382,10554236.pdf,0.0
34797369,10554236.pdf,0.0
98379112,10554236.pdf,0.0
37521676,10554236.pdf,0.0
10501991,10554236.pdf,0.0
18293620,10554236.pdf,0.0
19557384,10554236.pdf,0.0
15423153,10554236.pdf,0.0
20357858,10554236.pdf,0.0
12546838,10554236.pdf,0.0
24647386,10554236.pdf,0.0
23568641,10554236.pdf,0.0
22423839,10554236.pdf,0.0
19738730,10554236.pdf,0.0
32531824,10554236.pdf,0.0
34046031,10554236.pdf,0.0
14825300,10554236.pdf,0.0
37391947,10554236.pdf,0.0
26896699,10554236.pdf,0.0
11289482,10554236.pdf,0.0
29908929,10554236.pdf,0.0
10704573,10554236.pdf,0.0
14990354,10554236.pdf,0.0
24964303,10554236.pdf,0.0
82118447,10554236.pdf,0.0
18236085,10554236.pdf,0.0
29825044,10554236.pdf,0.0
77576845,10554236.pdf,0.0
39237915,10554236.pdf,0.0
28916894,10554236.pdf,0.0
26278597,10554236.pdf,0.0
80275976,10554236.pdf,0.0
11088337,10554236.pdf,0.0
23396633,10554236.pdf,0.0
12814706,10554236.pdf,0.0
39875803,10554236.pdf,0.0
30938994,10554236.pdf,0.0
16694152,10554236.pdf,0.0
15233524,10554236.pdf,0.0
81310245,10554236.pdf,0.0
22025574,10554236.pdf,0.0
13888506,10554236.pdf,0.0
79759716,10554236.pdf,0.0
10541358,10554236.pdf,0.0
31638814,10554236.pdf,0.0
25370801,10554236.pdf,0.0
27796199,10554236.pdf,0.0
10289113,10554236.pdf,0.0
27219200,10554236.pdf,0.0
10235211,10554236.pdf,0.0
14287992,10554236.pdf,0.0
47067533,10554236.pdf,0.0
14241621,10554236.pdf,0.0
27213082,10554236.pdf,0.0
31813535,10554236.pdf,0.0
17115815,10554236.pdf,0.0
20317319,10554236.pdf,0.0
38007664,10554236.pdf,0.0
24412546,10554236.pdf,0.0
29014805,10554236.pdf,0.0
12377803,10554236.pdf,0.0
32385553,10554236.pdf,0.0
13199813,10554236.pdf,0.0
11551946,10554236.pdf,0.0
22765255,10554236.pdf,0.0
20427934,10554236.pdf,0.0
35673335,10554236.pdf,0.0
16846478,10554236.pdf,0.0
89197180,10554236.pdf,0.0
36574147,10554236.pdf,0.0
27004930,10554236.pdf,0.0
12230301,10554236.pdf,0.0
59696315,10554236.pdf,0.0
20633855,10554236.pdf,0.0
18311419,10554236.pdf,0.0
16091352,10554236.pdf,0.0
27375577,10554236.pdf,0.0
25813953,10554236.pdf,0.0
76916835,10554236.pdf,0.0
17730889,10554236.pdf,0.0
67501448,10554236.pdf,0.0
17421910,10554236.pdf,0.0
12632728,10554236.pdf,0.0
91467795,10554236.pdf,0.0
13574264,10554236.pdf,0.0
27139412,10554236.pdf,0.0
14070138,10554236.pdf,0.0
15811992,10554236.pdf,0.0
14871762,10554236.pdf,0.0
17597372,10554236.pdf,0.0
18937778,10554236.pdf,0.0
14861855,10554236.pdf,0.0
36170003,10554236.pdf,0.0
27937592,10554236.pdf,0.0
16519708,10554236.pdf,0.0
17602815,10554236.pdf,0.0
28337049,10554236.pdf,0.0
33424600,10554236.pdf,0.0
32042584,10554236.pdf,0.0
14752209,10554236.pdf,0.0
31273310,10554236.pdf,0.0
14055971,10554236.pdf,0.0
95382114,10554236.pdf,0.0
23617240,10554236.pdf,0.0
23138078,10554236.pdf,0.0
51777546,10554236.pdf,0.0
69199666,10554236.pdf,0.0
93988900,10554236.pdf,0.0
41910253,10554236.pdf,0.0
28670024,10554236.pdf,0.0
36625776,10554236.pdf,0.0
96260484,10554236.pdf,0.0
11378657,10554236.pdf,0.0
34962725,10554236.pdf,0.0
18365443,10554236.pdf,0.0
26125407,10554236.pdf,0.0
54934269,10554236.pdf,0.0
37374340,10554236.pdf,0.0
25328428,10554236.pdf,0.0
56520872,10554236.pdf,0.0
23944036,10554236.pdf,0.0
19090468,10554236.pdf,0.0
16132195,10554236.pdf,0.0
27030979,10554236.pdf,0.0
17960690,10554236.pdf,0.0
17624934,10554236.pdf,0.0
22008817,10554236.pdf,0.0
20835760,10554236.pdf,0.0
87520378,10554236.pdf,0.0
58879993,10554236.pdf,0.0
64471954,10554236.pdf,0.0
18714571,10554236.pdf,0.0
20748468,10554236.pdf,0.0
98300955,10554236.pdf,0.0
11653906,10554236.pdf,0.0
10466208,10554236.pdf,0.0
13352113,10554236.pdf,0.0
20110597,10554236.pdf,0.0
20211577,10554236.pdf,0.0
12315079,10554236.pdf,0.0
10480456,10554236.pdf,0.0
75297735,10554236.pdf,0.0
49325370,10554236.pdf,0.0
21866029,10554236.pdf,0.0
14667957,10554236.pdf,0.0
10062724,10554236.pdf,0.0
43994605,10554236.pdf,0.0
23814777,10554236.pdf,0.0
28745844,10554236.pdf,0.0
17864043,10554236.pdf,0.0
16121387,10554236.pdf,0.0
10076271,10554236.pdf,0.0
80876647,10554236.pdf,0.0
36861863,10554236.pdf,0.0
24025053,10554236.pdf,0.0
17545780,10554236.pdf,0.0
95011061,10554236.pdf,0.0
13565152,10554236.pdf,0.0
75744306,10554236.pdf,0.0
26908066,10554236.pdf,0.0
11704150,10554236.pdf,0.0
27917969,10554236.pdf,0.0
12613221,10554236.pdf,0.0
15680735,10554236.pdf,0.0
13575312,10554236.pdf,0.0
15636923,10554236.pdf,0.0
14062078,10554236.pdf,0.0
37001381,10554236.pdf,0.0
32219038,10554236.pdf,0.0
10251432,10554236.pdf,0.0
28423028,10554236.pdf,0.0
46349752,10554236.pdf,0.0
26958533,10554236.pdf,0.0
23110214,10554236.pdf,0.0
17963031,10554236.pdf,0.0
60624892,10554236.pdf,0.0
23918545,10554236.pdf,0.0
20172393,10554236.pdf,0.0
39082090,10554236.pdf,0.0
98309114,10554236.pdf,0.0
16702198,10554236.pdf,0.0
45907524,10554236.pdf,0.0
12333703,10554236.pdf,0.0
15499825,10554236.pdf,0.0
85417107,10554236.pdf,0.0
33750209,10554236.pdf,0.0
24548333,10554236.pdf,0.0
16356151,10554236.pdf,0.0
20736486,10554236.pdf,0.0
18784594,10554236.pdf,0.0
85421438,10554236.pdf,0.0
33803142,10554236.pdf,0.0
47996197,10554236.pdf,0.0
11605833,10554236.pdf,0.0
25451319,10554236.pdf,0.0
91478356,10554236.pdf,0.0
29134372,10554236.pdf,0.0
35579812,10554236.pdf,0.0
12938200,10554236.pdf,0.0
31926950,10554236.pdf,0.0
32563518,10554236.pdf,0.0
29992154,10554236.pdf,0.0
25974844,10554236.pdf,0.0
18129173,10554236.pdf,0.0
26585242,10554236.pdf,0.0
26695839,10554236.pdf,0.0
10568183,10554236.pdf,0.0
24550866,10554236.pdf,0.0
34594746,10554236.pdf,0.0
25834360,10554236.pdf,0.0
27090089,10554236.pdf,0.0
35422305,10554236.pdf,0.0
18484846,10554236.pdf,0.0
18949843,10554236.pdf,0.0
17539842,10554236.pdf,0.0
36868767,10554236.pdf,0.0
97169343,10554236.pdf,0.0
31395710,10554236.pdf,0.0
17576030,10554236.pdf,0.0
24444525,10554236.pdf,0.0
10268614,10554236.pdf,0.0
29792535,10554236.pdf,0.0
15932017,10554236.pdf,0.0
23063986,10554236.pdf,0.0
10816645,10554236.pdf,0.0
11522068,10554236.pdf,0.0
10568350,10554236.pdf,0.0
18767449,10554236.pdf,0.0
20457611,10554236.pdf,0.0
54259150,10554236.pdf,0.0
67032711,10554236.pdf,0.0
12019284,10554236.pdf,0.0
38650096,10554236.pdf,0.0
32651555,10554236.pdf,0.0
55746506,10554236.pdf,0.0
10235429,10554236.pdf,0.0
30757456,10554236.pdf,0.0
19037403,10554236.pdf,0.0
32636041,10554236.pdf,0.0
27974588,10554236.pdf,0.0
24251588,10554236.pdf,0.0
97123005,10554236.pdf,0.0
38642923,10554236.pdf,0.0
39805617,10554236.pdf,0.0
20565486,10554236.pdf,0.0
28669770,10554236.pdf,0.0
17660419,10554236.pdf,0.0
22855060,10554236.pdf,0.0
17163375,10554236.pdf,0.0
35302620,10554236.pdf,0.0
19599699,10554236.pdf,0.0
17286050,10554236.pdf,0.0
15293959,10554236.pdf,0.0
10428916,10554236.pdf,0.0
52684666,10554236.pdf,0.0
19774173,10554236.pdf,0.0
23011221,10554236.pdf,0.0
13367322,10554236.pdf,0.0
16038911,10554236.pdf,0.0
30990885,10554236.pdf,0.0
12923795,10554236.pdf,0.0
20279756,10554236.pdf,0.0
25838512,10554236.pdf,0.0
17431847,10554236.pdf,0.0
28321954,10554236.pdf,0.0
11332602,10554236.pdf,0.0
17166018,10554236.pdf,0.0
29573698,10554236.pdf,0.0
95769832,10554236.pdf,0.0
89858892,10554236.pdf,0.0
22488036,10554236.pdf,0.0
22093368,10554236.pdf,0.0
31042953,10554236.pdf,0.0
24994145,10554236.pdf,0.0
56286525,10554236.pdf,0.0
32517106,10554236.pdf,0.0
38108845,10554236.pdf,0.0
28172023,10554236.pdf,0.0
45656814,10554236.pdf,0.0
24767027,10554236.pdf,0.0
25507648,10554236.pdf,0.0
17915015,10554236.pdf,0.0
36139251,10554236.pdf,0.0
16474898,10554236.pdf,0.0
25482567,10554236.pdf,0.0
29165698,10554236.pdf,0.0
27084878,10554236.pdf,0.0
26459032,10554236.pdf,0.0
70603826,10554236.pdf,0.0
95085510,10554236.pdf,0.0
21238396,10554236.pdf,0.0
20255404,10554236.pdf,0.0
69666645,10554236.pdf,0.0
19938081,10554236.pdf,0.0
12092347,10554236.pdf,0.0
62870550,10554236.pdf,0.0
76530505,10554236.pdf,0.0
10333051,10554236.pdf,0.0
29319314,10554236.pdf,0.0
77266989,10554236.pdf,0.0
59487170,10554236.pdf,0.0
24219583,10554236.pdf,0.0
27397245,10554236.pdf,0.0
29425788,10554236.pdf,0.0
11130200,10554236.pdf,0.0
10969918,10554236.pdf,0.0
21178545,10554236.pdf,0.0
12938389,10554236.pdf,0.0
57575888,10554236.pdf,0.0
37087824,10554236.pdf,0.0
21122155,10554236.pdf,0.0
24708621,10554236.pdf,0.0
27903191,10554236.pdf,0.0
24905947,10554236.pdf,0.0
75156649,10554236.pdf,0.0
96761538,10554236.pdf,0.0
19975121,10554236.pdf,0.0
12695799,10554236.pdf,0.0
14515954,10554236.pdf,0.0
13675377,10554236.pdf,0.0
34151183,10554236.pdf,0.0
16605352,10554236.pdf,0.0
34792238,10554236.pdf,0.0
23004695,10554236.pdf,0.0
35164503,10554236.pdf,0.0
63282405,10554236.pdf,0.0
31556198,10554236.pdf,0.0
12791244,10554236.pdf,0.0
14107571,10554236.pdf,0.0
17658471,10554236.pdf,0.0
80000092,10554236.pdf,0.0
13037145,10554236.pdf,0.0
23477199,10554236.pdf,0.0
29306433,10554236.pdf,0.0
90365216,10554236.pdf,0.0
54246169,10554236.pdf,0.0
28165687,10554236.pdf,0.0
21134923,10554236.pdf,0.0
37292350,10554236.pdf,0.0
84512719,10554236.pdf,0.0
21868149,10554236.pdf,0.0
37201447,10554236.pdf,0.0
29897742,10554236.pdf,0.0
55500538,10554236.pdf,0.0
15053703,10554236.pdf,0.0
15603319,10554236.pdf,0.0
69336473,10554236.pdf,0.0
18242317,10554236.pdf,0.0
30437583,10554236.pdf,0.0
14140903,10554236.pdf,0.0
17312146,10554236.pdf,0.0
29746235,10554236.pdf,0.0
62994611,10554236.pdf,0.0
38216888,10554236.pdf,0.0
19851252,10554236.pdf,0.0
11813872,10554236.pdf,0.0
16849128,10554236.pdf,0.0
23631188,10554236.pdf,0.0
24001783,10554236.pdf,0.0
12341902,10554236.pdf,0.0
11197262,10554236.pdf,0.0
10953078,10554236.pdf,0.0
69859102,10554236.pdf,0.0
40882926,10554236.pdf,0.0
16653657,10554236.pdf,0.0
24397882,10554236.pdf,0.0
16172429,10554236.pdf,0.0
36102323,10554236.pdf,0.0
81042872,10554236.pdf,0.0
19532392,10554236.pdf,0.0
34141299,10554236.pdf,0.0
89740812,10554236.pdf,0.0
20969119,10554236.pdf,0.0
27689009,10554236.pdf,0.0
29510501,10554236.pdf,0.0
17640785,10554236.pdf,0.0
29968330,10554236.pdf,0.0
28733974,10554236.pdf,0.0
15546686,10554236.pdf,0.0
56068028,10554236.pdf,0.0
24068423,10554236.pdf,0.0
12674256,10554236.pdf,0.0
27888251,10554236.pdf,0.0
16507693,10554236.pdf,0.0
55712978,10554236.pdf,0.0
26835781,10554236.pdf,0.0
26921245,10554236.pdf,0.0
20006992,10554236.pdf,0.0
11676151,10554236.pdf,0.0
24416961,10554236.pdf,0.0
69360287,10554236.pdf,0.0
18264694,10554236.pdf,0.0
16661264,10554236.pdf,0.0
26070334,10554236.pdf,0.0
29142288,10554236.pdf,0.0
28247753,10554236.pdf,0.0
79536879,10554236.pdf,0.0
17499196,10554236.pdf,0.0
79261033,10554236.pdf,0.0
16492045,10554236.pdf,0.0
18589927,10554236.pdf,0.0
23933031,10554236.pdf,0.0
13964744,10554236.pdf,0.0
89512321,10554236.pdf,0.0
30709029,10554236.pdf,0.0
11183737,10554236.pdf,0.0
63158213,10554236.pdf,0.0
24727739,10554236.pdf,0.0
15145575,10554236.pdf,0.0
69097572,10554236.pdf,0.0
31064969,10554236.pdf,0.0
38707449,10554236.pdf,0.0
57706851,10554236.pdf,0.0
41152404,10554236.pdf,0.0
27710853,10554236.pdf,0.0
15573418,10554236.pdf,0.0
26829350,10554236.pdf,0.0
95625660,10554236.pdf,0.0
19362586,10554236.pdf,0.0
45077654,10554236.pdf,0.0
87118391,10554236.pdf,0.0
33578873,10554236.pdf,0.0
27607632,10554236.pdf,0.0
23760084,10554236.pdf,0.0
30083943,10554236.pdf,0.0
20552814,10554236.pdf,0.0
40987524,10554236.pdf,0.0
29134721,10554236.pdf,0.0
18062906,10554236.pdf,0.0
29399491,10554236.pdf,0.0
19473948,10554236.pdf,0.0
71772815,10554236.pdf,0.0
15765660,10554236.pdf,0.0
29184740,10554236.pdf,0.0
17781039,10554236.pdf,0.0
19147947,10554236.pdf,0.0
18328743,10554236.pdf,0.0
37540732,10554236.pdf,0.0
30608780,10554236.pdf,0.0
15918496,10554236.pdf,0.0
16223371,10554236.pdf,0.0
79376680,10554236.pdf,0.0
36904300,10554236.pdf,0.0
10724818,10554236.pdf,0.0
26994282,10554236.pdf,0.0
20819838,10554236.pdf,0.0
16511249,10554236.pdf,0.0
36074301,10554236.pdf,0.0
27624540,10554236.pdf,0.0
20423658,10554236.pdf,0.0
98509238,10554236.pdf,0.0
25810233,10554236.pdf,0.0
15273850,10554236.pdf,0.0
26932091,10554236.pdf,0.0
13812481,10554236.pdf,0.0
55477468,10554236.pdf,0.0
15973307,10554236.pdf,0.0
22047665,10554236.pdf,0.0
69155584,10554236.pdf,0.0
30529547,10554236.pdf,0.0
23296286,10554236.pdf,0.0
10603337,10554236.pdf,0.0
22319662,10554236.pdf,0.0
15581242,10554236.pdf,0.0
90682785,10554236.pdf,0.0
98108571,10554236.pdf,0.0
12351749,10554236.pdf,0.0
39581020,10554236.pdf,0.0
14267489,10554236.pdf,0.0
25839123,10554236.pdf,0.0
31454430,10554236.pdf,0.0
18368613,10554236.pdf,0.0
51349448,10554236.pdf,0.0
17509935,10554236.pdf,0.0
21595057,10554236.pdf,0.0
12696104,10554236.pdf,0.0
34303500,10554236.pdf,0.0
10898339,10554236.pdf,0.0
25315791,10554236.pdf,0.0
36621169,10554236.pdf,0.0
17378327,10554236.pdf,0.0
33236701,10554236.pdf,0.0
29211919,10554236.pdf,0.0
16121015,10554236.pdf,0.0
19582792,10554236.pdf,0.0
13348915,10554236.pdf,0.0
59422148,10554236.pdf,0.0
10138632,10554236.pdf,0.0
29805310,10554236.pdf,0.0
26425074,10554236.pdf,0.0
10464113,10554236.pdf,0.0
54101961,10554236.pdf,0.0
92200491,10554236.pdf,0.0
26530696,10554236.pdf,0.0
29332616,10554236.pdf,0.0
42304307,10554236.pdf,0.0
12820557,10554236.pdf,0.0
13178604,10554236.pdf,0.0
23929500,10554236.pdf,0.0
37360517,10554236.pdf,0.0
28377361,10554236.pdf,0.0
18171955,10554236.pdf,0.0
12082377,10554236.pdf,0.0
28198029,10554236.pdf,0.0
28867567,10554236.pdf,0.0
19147494,10554236.pdf,0.0
14358578,10554236.pdf,0.0
37735467,10554236.pdf,0.0
65456466,10554236.pdf,0.0
32140087,10554236.pdf,0.0
17704246,10554236.pdf,0.0
58428843,10554236.pdf,0.0
70528646,10554236.pdf,0.0
23032182,10554236.pdf,0.0
36970996,10554236.pdf,0.0
13637605,10554236.pdf,0.0
55097118,10554236.pdf,0.0
24610685,10554236.pdf,0.0
38087844,10554236.pdf,0.0
28139742,10554236.pdf,0.0
17410700,10554236.pdf,0.0
20141807,10554236.pdf,0.0
16280971,10554236.pdf,0.0
34131484,10554236.pdf,0.0
18885231,10554236.pdf,0.0
15620421,10554236.pdf,0.0
31199035,10554236.pdf,0.0
85918100,10554236.pdf,0.0
14381464,10554236.pdf,0.0
23782450,10554236.pdf,0.0
37792474,10554236.pdf,0.0
29928796,10554236.pdf,0.0
55104715,10554236.pdf,0.0
27233183,10554236.pdf,0.0
29815762,10554236.pdf,0.0
19156751,10554236.pdf,0.0
27096471,10554236.pdf,0.0
43311839,10554236.pdf,0.0
15119529,10554236.pdf,0.0
88907739,10554236.pdf,0.0
31395742,10554236.pdf,0.0
93349646,10554236.pdf,0.0
25694422,10554236.pdf,0.0
26291616,10554236.pdf,0.0
11020140,10554236.pdf,0.0
93459677,10554236.pdf,0.0
18079050,10554236.pdf,0.0
25213006,10554236.pdf,0.0
14517953,10554236.pdf,0.0
39308779,10554236.pdf,0.0
51724595,10554236.pdf,0.0
22259768,10554236.pdf,0.0
10332998,10554236.pdf,0.0
24643412,10554236.pdf,0.0
69181350,10554236.pdf,0.0
18856440,10554236.pdf,0.0
15433732,10554236.pdf,0.0
15281412,10554236.pdf,0.0
15699744,10554236.pdf,0.0
28951817,10554236.pdf,0.0
38165833,10554236.pdf,0.0
13586069,10554236.pdf,0.0
30083884,10554236.pdf,0.0
51432451,10554236.pdf,0.0
31169070,10554236.pdf,0.0
29723311,10554236.pdf,0.0
22485475,10554236.pdf,0.0
22556198,10554236.pdf,0.0
30863060,10554236.pdf,0.0
78016758,10554236.pdf,0.0
12897903,10554236.pdf,0.0
34875813,10554236.pdf,0.0
11333660,10554236.pdf,0.0
21366189,10554236.pdf,0.0
32637306,10554236.pdf,0.0
71888547,10554236.pdf,0.0
29770086,10554236.pdf,0.0
99714410,10554236.pdf,0.0
39441617,10554236.pdf,0.0
12374933,10554236.pdf,0.0
20176584,10554236.pdf,0.0
32433431,10554236.pdf,0.0
88691367,10554236.pdf,0.0
17025292,10554236.pdf,0.0
23302948,10554236.pdf,0.0
24828381,10554236.pdf,0.0
38896303,10554236.pdf,0.0
31217840,10554236.pdf,0.0
38399177,10554236.pdf,0.0
19161572,10554236.pdf,0.0
29647215,10554236.pdf,0.0
73075521,10554236.pdf,0.0
17983957,10554236.pdf,0.0
20314980,10554236.pdf,0.0
21512769,10554236.pdf,0.0
21568833,10554236.pdf,0.0
27726066,10554236.pdf,0.0
91189201,10554236.pdf,0.0
95429627,10554236.pdf,0.0
12526702,10554236.pdf,0.0
92246939,10554236.pdf,0.0
48533663,10554236.pdf,0.0
38457612,10554236.pdf,0.0
27788376,10554236.pdf,0.0
31016926,10554236.pdf,0.0
43378989,10554236.pdf,0.0
13454871,10554236.pdf,0.0
19936735,10554236.pdf,0.0
33919379,10554236.pdf,0.0
95350373,10554236.pdf,0.0
15602094,10554236.pdf,0.0
95792386,10554236.pdf,0.0
28243590,10554236.pdf,0.0
14593060,10554236.pdf,0.0
13313917,10554236.pdf,0.0
12251115,10554236.pdf,0.0
20574232,10554236.pdf,0.0
12955994,10554236.pdf,0.0
16964217,10554236.pdf,0.0
13215696,10554236.pdf,0.0
29196643,10554236.pdf,0.0
22351830,10554236.pdf,0.0
11415967,10554236.pdf,0.0
29297393,10554236.pdf,0.0
18227306,10554236.pdf,0.0
31201660,10554236.pdf,0.0
25258040,10554236.pdf,0.0
56792999,10554236.pdf,0.0
22571461,10554236.pdf,0.0
80527194,10554236.pdf,0.0
37818861,10554236.pdf,0.0
91116867,10554236.pdf,0.0
14346702,10554236.pdf,0.0
15083600,10554236.pdf,0.0
63670997,10554236.pdf,0.0
17307206,10554236.pdf,0.0
67406885,10554236.pdf,0.0
57364820,10554236.pdf,0.0
79570655,10554236.pdf,0.0
13569152,10554236.pdf,0.0
65062795,10554236.pdf,0.0
10984392,10554236.pdf,0.0
49777184,10554236.pdf,0.0
11835339,10554236.pdf,0.0
21156767,10554236.pdf,0.0
26234972,10554236.pdf,0.0
15535920,10554236.pdf,0.0
26919036,10554236.pdf,0.0
57601040,10554236.pdf,0.0
29076405,10554236.pdf,0.0
26167298,10554236.pdf,0.0
13837784,10554236.pdf,0.0
16509761,10554236.pdf,0.0
29915354,10554236.pdf,0.0
82929064,10554236.pdf,0.0
10515955,10554236.pdf,0.0
14945250,10554236.pdf,0.0
28609364,10554236.pdf,0.0
19861776,10554236.pdf,0.0
14036515,10554236.pdf,0.0
11005406,10554236.pdf,0.0
17132168,10554236.pdf,0.0
15353911,10554236.pdf,0.0
18501746,10554236.pdf,0.0
26341987,10554236.pdf,0.0
27419236,10554236.pdf,0.0
13328680,10554236.pdf,0.0
17584743,10554236.pdf,0.0
14761906,10554236.pdf,0.0
31162167,10554236.pdf,0.0
15226699,10554236.pdf,0.0
25525152,10554236.pdf,0.0
13343786,10554236.pdf,0.0
15484097,10554236.pdf,0.0
25723793,10554236.pdf,0.0
19444529,10554236.pdf,0.0
33893326,10554236.pdf,0.0
18442517,10554236.pdf,0.0
40883703,10554236.pdf,0.0
27981289,10554236.pdf,0.0
18900722,10554236.pdf,0.0
28109594,10554236.pdf,0.0
31929166,10554236.pdf,0.0
24574164,10554236.pdf,0.0
23085604,10554236.pdf,0.0
27080812,10554236.pdf,0.0
14209965,10554236.pdf,0.0
20330739,10554236.pdf,0.0
37739183,10554236.pdf,0.0
14771530,10554236.pdf,0.0
62700506,10554236.pdf,0.0
34319869,10554236.pdf,0.0
30999638,10554236.pdf,0.0
11677012,10554236.pdf,0.0
18525641,10554236.pdf,0.0
91539554,10554236.pdf,0.0
13503650,10554236.pdf,0.0
23864858,10554236.pdf,0.0
24658786,10554236.pdf,0.0
39166680,10554236.pdf,0.0
25038571,10554236.pdf,0.0
33542483,10554236.pdf,0.0
58915642,10554236.pdf,0.0
18927233,10554236.pdf,0.0
16893572,10554236.pdf,0.0
18488289,10554236.pdf,0.0
31909493,10554236.pdf,0.0
29002596,10554236.pdf,0.0
73282756,10554236.pdf,0.0
94492380,10554236.pdf,0.0
18905648,10554236.pdf,0.0
70196518,10554236.pdf,0.0
56952849,10554236.pdf,0.0
40311088,10554236.pdf,0.0
19053815,10554236.pdf,0.0
10005171,10554236.pdf,0.0
26160200,10554236.pdf,0.0
59011090,10554236.pdf,0.0
34583750,10554236.pdf,0.0
22380187,10554236.pdf,0.0
24953921,10554236.pdf,0.0
20490741,10554236.pdf,0.0
21125113,10554236.pdf,0.0
11270462,10554236.pdf,0.0
90685127,10554236.pdf,0.0
20628003,10554236.pdf,0.0
30504149,10554236.pdf,0.0
25706337,10554236.pdf,0.0
91318828,10554236.pdf,0.0
42156237,10554236.pdf,0.0
80679862,10554236.pdf,0.0
16276121,10554236.pdf,0.0
27921561,10554236.pdf,0.0
50219114,10554236.pdf,0.0
30864828,10554236.pdf,0.0
17562754,10554236.pdf,0.0
24679149,10554236.pdf,0.0
81508860,10554236.pdf,0.0
28679359,10554236.pdf,0.0
14556869,10554236.pdf,0.0
23810469,10554236.pdf,0.0
16536141,10554236.pdf,0.0
12085736,10554236.pdf,0.0
20210676,10554236.pdf,0.0
22706174,10554236.pdf,0.0
18354623,10554236.pdf,0.0
17432318,10554236.pdf,0.0
11797122,10554236.pdf,0.0
16332293,10554236.pdf,0.0
28790806,10554236.pdf,0.0
91515108,10554236.pdf,0.0
32109048,10554236.pdf,0.0
11152490,10554236.pdf,0.0
99680385,10554236.pdf,0.0
15790602,10554236.pdf,0.0
17510973,10554236.pdf,0.0
23522150,10554236.pdf,0.0
11257723,10554236.pdf,0.0
14455622,10554236.pdf,0.0
84295343,10554236.pdf,0.0
78357954,10554236.pdf,0.0
24703983,10554236.pdf,0.0
47487091,10554236.pdf,0.0
23009962,10554236.pdf,0.0
22732234,10554236.pdf,0.0
18448085,10554236.pdf,0.0
11887930,10554236.pdf,0.0
14508237,10554236.pdf,0.0
15100547,10554236.pdf,0.0
97449528,10554236.pdf,0.0
26341645,10554236.pdf,0.0
82140102,10554236.pdf,0.0
17571262,10554236.pdf,0.0
32069695,10554236.pdf,0.0
22946204,10554236.pdf,0.0
63989974,10554236.pdf,0.0
15484011,10554236.pdf,0.0
18932512,10554236.pdf,0.0
15210069,10554236.pdf,0.0
25047127,10554236.pdf,0.0
22452756,10554236.pdf,0.0
24592627,10554236.pdf,0.0
51508889,10554236.pdf,0.0
15180322,10554236.pdf,0.0
24221960,10554236.pdf,0.0
24673903,10554236.pdf,0.0
19007667,10554236.pdf,0.0
30311202,10554236.pdf,0.0
11121498,10554236.pdf,0.0
32518109,10554236.pdf,0.0
26718039,10554236.pdf,0.0
23568731,10554236.pdf,0.0
14663897,10554236.pdf,0.0
21904897,10554236.pdf,0.0
23591247,10554236.pdf,0.0
16594812,10554236.pdf,0.0
19831366,10554236.pdf,0.0
16804396,10554236.pdf,0.0
92122785,10554236.pdf,0.0
27831220,10554236.pdf,0.0
13411858,10554236.pdf,0.0
25924968,10554236.pdf,0.0
34252537,10554236.pdf,0.0
81373857,10554236.pdf,0.0
92985983,10554236.pdf,0.0
34452806,10554236.pdf,0.0
21611637,10554236.pdf,0.0
13095891,10554236.pdf,0.0
12717345,10554236.pdf,0.0
23841877,10554236.pdf,0.0
23032276,10554236.pdf,0.0
32605413,10554236.pdf,0.0
65373280,10554236.pdf,0.0
27909372,10554236.pdf,0.0
47603843,10554236.pdf,0.0
11444536,10554236.pdf,0.0
25953797,10554236.pdf,0.0
23185829,10554236.pdf,0.0
21869994,10554236.pdf,0.0
28424982,10554236.pdf,0.0
47317494,10554236.pdf,0.0
29784524,10554236.pdf,0.0
10001727,10554236.pdf,0.0
74522938,10554236.pdf,0.0
91591026,10554236.pdf,0.0
21511817,10554236.pdf,0.0
35468363,10554236.pdf,0.0
37231163,10554236.pdf,0.0
16924102,10554236.pdf,0.0
28092317,10554236.pdf,0.0
16855929,10554236.pdf,0.0
29211359,10554236.pdf,0.0
27820360,10554236.pdf,0.0
48580330,10554236.pdf,0.0
29072179,10554236.pdf,0.0
94047639,10554236.pdf,0.0
21622444,10554236.pdf,0.0
33964275,10554236.pdf,0.0
21101152,10554236.pdf,0.0
25128608,10554236.pdf,0.0
18825446,10554236.pdf,0.0
61322296,10554236.pdf,0.0
20817322,10554236.pdf,0.0
29449419,10554236.pdf,0.0
20321582,10554236.pdf,0.0
19285236,10554236.pdf,0.0
13264154,10554236.pdf,0.0
47729453,10554236.pdf,0.0
51554903,10554236.pdf,0.0
14569498,10554236.pdf,0.0
22561438,10554236.pdf,0.0
12420359,10554236.pdf,0.0
16248476,10554236.pdf,0.0
10653119,10554236.pdf,0.0
11209758,10554236.pdf,0.0
86551046,10554236.pdf,0.0
23807940,10554236.pdf,0.0
29775391,10554236.pdf,0.0
53265899,10554236.pdf,0.0
38309905,10554236.pdf,0.0
29772450,10554236.pdf,0.0
21334981,10554236.pdf,0.0
10276858,10554236.pdf,0.0
10588874,10554236.pdf,0.0
35157762,10554236.pdf,0.0
91072502,10554236.pdf,0.0
13212436,10554236.pdf,0.0
15261348,10554236.pdf,0.0
27662298,10554236.pdf,0.0
16066857,10554236.pdf,0.0
30337969,10554236.pdf,0.0
10333299,10554236.pdf,0.0
28396528,10554236.pdf,0.0
19268120,10554236.pdf,0.0
20691949,10554236.pdf,0.0
26189601,10554236.pdf,0.0
30826569,10554236.pdf,0.0
91268638,10554236.pdf,0.0
18036030,10554236.pdf,0.0
36366044,10554236.pdf,0.0
23398733,10554236.pdf,0.0
29990140,10554236.pdf,0.0
30128072,10554236.pdf,0.0
28176889,10554236.pdf,0.0
10889157,10554236.pdf,0.0
19951766,10554236.pdf,0.0
57262959,10554236.pdf,0.0
20033302,10554236.pdf,0.0
24709432,10554236.pdf,0.0
62555739,10554236.pdf,0.0
31547476,10554236.pdf,0.0
18480859,10554236.pdf,0.0
12254068,10554236.pdf,0.0
11432686,10554236.pdf,0.0
25452321,10554236.pdf,0.0
28230807,10554236.pdf,0.0
15354126,10554236.pdf,0.0
12155206,10554236.pdf,0.0
27298953,10554236.pdf,0.0
68338341,10554236.pdf,0.0
22349169,10554236.pdf,0.0
11877150,10554236.pdf,0.0
86549455,10554236.pdf,0.0
26530575,10554236.pdf,0.0
23955183,10554236.pdf,0.0
24854026,10554236.pdf,0.0
48285304,10554236.pdf,0.0
14722634,10554236.pdf,0.0
27789372,10554236.pdf,0.0
26767199,10554236.pdf,0.0
15891494,10554236.pdf,0.0
78229715,10554236.pdf,0.0
22720697,10554236.pdf,0.0
70541112,10554236.pdf,0.0
20705888,10554236.pdf,0.0
28522529,10554236.pdf,0.0
19147603,10554236.pdf,0.0
11490673,10554236.pdf,0.0
84356308,10554236.pdf,0.0
91564103,10554236.pdf,0.0
22622351,10554236.pdf,0.0
61634281,10554236.pdf,0.0
24530382,10554236.pdf,0.0
27018361,10554236.pdf,0.0
92524964,10554236.pdf,0.0
19405513,10554236.pdf,0.0
17775916,10554236.pdf,0.0
18975686,10554236.pdf,0.0
28758002,10554236.pdf,0.0
59938965,10554236.pdf,0.0
28396458,10554236.pdf,0.0
27914096,10554236.pdf,0.0
57088974,10554236.pdf,0.0
26231609,10554236.pdf,0.0
20836112,10554236.pdf,0.0
28398216,10554236.pdf,0.0
26961846,10554236.pdf,0.0
37931076,10554236.pdf,0.0
16426777,10554236.pdf,0.0
26750846,10554236.pdf,0.0
28623782,10554236.pdf,0.0
81677620,10554236.pdf,0.0
14413148,10554236.pdf,0.0
76454959,10554236.pdf,0.0
11441764,10554236.pdf,0.0
24411323,10554236.pdf,0.0
33685988,10554236.pdf,0.0
62850928,10554236.pdf,0.0
34250007,10554236.pdf,0.0
74849878,10554236.pdf,0.0
25497147,10554236.pdf,0.0
31948488,10554236.pdf,0.0
18640927,10554236.pdf,0.0
77638654,10554236.pdf,0.0
38441665,10554236.pdf,0.0
18072085,10554236.pdf,0.0
14408510,10554236.pdf,0.0
12858898,10554236.pdf,0.0
24670867,10554236.pdf,0.0
29648950,10554236.pdf,0.0
27330027,10554236.pdf,0.0
17880988,10554236.pdf,0.0
15011085,10554236.pdf,0.0
20977412,10554236.pdf,0.0
26013403,10554236.pdf,0.0
84373843,10554236.pdf,0.0
21912637,10554236.pdf,0.0
14181049,10554236.pdf,0.0
29998869,10554236.pdf,0.0
18024825,10554236.pdf,0.0
28973180,10554236.pdf,0.0
23573064,10554236.pdf,0.0
10549585,10554236.pdf,0.0
23354541,10554236.pdf,0.0
29494962,10554236.pdf,0.0
81217013,10554236.pdf,0.0
39675895,10554236.pdf,0.0
12071138,10554236.pdf,0.0
25330083,10554236.pdf,0.0
69487178,10554236.pdf,0.0
86595128,10554236.pdf,0.0
74512244,10554236.pdf,0.0
25678238,10554236.pdf,0.0
38907798,10554236.pdf,0.0
58165257,10554236.pdf,0.0
93653247,10554236.pdf,0.0
29612672,10554236.pdf,0.0
66741193,10554236.pdf,0.0
24553863,10554236.pdf,0.0
16449850,10554236.pdf,0.0
47410104,10554236.pdf,0.0
38225199,10554236.pdf,0.0
14106638,10554236.pdf,0.0
19243556,10554236.pdf,0.0
20880935,10554236.pdf,0.0
95519832,10554236.pdf,0.0
39295103,10554236.pdf,0.0
25101183,10554236.pdf,0.0
88038965,10554236.pdf,0.0
17392859,10554236.pdf,0.0
20969845,10554236.pdf,0.0
20275356,10554236.pdf,0.0
59818742,10554236.pdf,0.0
72136463,10554236.pdf,0.0
98513424,10554236.pdf,0.0
15717923,10554236.pdf,0.0
24833063,10554236.pdf,0.0
15792052,10554236.pdf,0.0
59450123,10554236.pdf,0.0
24611721,10554236.pdf,0.0
15224503,10554236.pdf,0.0
27409087,10554236.pdf,0.0
20918464,10554236.pdf,0.0
19540089,10554236.pdf,0.0
28724469,10554236.pdf,0.0
18636651,10554236.pdf,0.0
59777056,10554236.pdf,0.0
22492537,10554236.pdf,0.0
24967652,10554236.pdf,0.0
24533931,10554236.pdf,0.0
21807211,10554236.pdf,0.0
71767359,10554236.pdf,0.0
27694040,10554236.pdf,0.0
15535408,10554236.pdf,0.0
13386301,10554236.pdf,0.0
27091280,10554236.pdf,0.0
14413257,10554236.pdf,0.0
11677077,10554236.pdf,0.0
29521434,10554236.pdf,0.0
50324968,10554236.pdf,0.0
13764840,10554236.pdf,0.0
19070271,10554236.pdf,0.0
56151548,10554236.pdf,0.0
16391949,10554236.pdf,0.0
13418452,10554236.pdf,0.0
27099856,10554236.pdf,0.0
26046878,10554236.pdf,0.0
35121930,10554236.pdf,0.0
10182582,10554236.pdf,0.0
12669075,10554236.pdf,0.0
16915389,10554236.pdf,0.0
12668625,10554236.pdf,0.0
14698557,10554236.pdf,0.0
27549075,10554236.pdf,0.0
31225895,10554236.pdf,0.0
15479281,10554236.pdf,0.0
26691587,10554236.pdf,0.0
11232471,10554236.pdf,0.0
21007083,10554236.pdf,0.0
20905088,10554236.pdf,0.0
16723524,10554236.pdf,0.0
14937492,10554236.pdf,0.0
72807293,10554236.pdf,0.0
30344127,10554236.pdf,0.0
23719943,10554236.pdf,0.0
58208591,10554236.pdf,0.0
15154822,10554236.pdf,0.0
46514339,10554236.pdf,0.0
11409460,10554236.pdf,0.0
99806115,10554236.pdf,0.0
29640922,10554236.pdf,0.0
12860543,10554236.pdf,0.0
29764492,10554236.pdf,0.0
91533580,10554236.pdf,0.0
13807808,10554236.pdf,0.0
16605640,10554236.pdf,0.0
17714174,10554236.pdf,0.0
28998957,10554236.pdf,0.0
71499299,10554236.pdf,0.0
30430249,10554236.pdf,0.0
10876132,10554236.pdf,0.0
18509268,10554236.pdf,0.0
35571205,10554236.pdf,0.0
23190306,10554236.pdf,0.0
29028935,10554236.pdf,0.0
12059610,10554236.pdf,0.0
26829561,10554236.pdf,0.0
78273826,10554236.pdf,0.0
27176039,10554236.pdf,0.0
22249155,10554236.pdf,0.0
25142074,10554236.pdf,0.0
19402977,10554236.pdf,0.0
13858219,10554236.pdf,0.0
15746146,10554236.pdf,0.0
17659053,10554236.pdf,0.0
26586477,10554236.pdf,0.0
37750854,10554236.pdf,0.0
33665485,10554236.pdf,0.0
26098594,10554236.pdf,0.0
91026230,10554236.pdf,0.0
16985289,10554236.pdf,0.0
54308684,10554236.pdf,0.0
10562768,10554236.pdf,0.0
41586420,10554236.pdf,0.0
21570485,10554236.pdf,0.0
12122372,10554236.pdf,0.0
14304010,10554236.pdf,0.0
36136569,10554236.pdf,0.0
35603950,10554236.pdf,0.0
52252936,10554236.pdf,0.0
70750649,10554236.pdf,0.0
43852883,10554236.pdf,0.0
31761591,10554236.pdf,0.0
31362807,10554236.pdf,0.0
24516163,10554236.pdf,0.0
20504094,10554236.pdf,0.0
24989856,10554236.pdf,0.0
16500168,10554236.pdf,0.0
35985133,10554236.pdf,0.0
22852364,10554236.pdf,0.0
83566455,10554236.pdf,0.0
10738095,10554236.pdf,0.0
36094883,10554236.pdf,0.0
19714635,10554236.pdf,0.0
56025640,10554236.pdf,0.0
25543217,10554236.pdf,0.0
14206561,10554236.pdf,0.0
15139979,10554236.pdf,0.0
44624796,10554236.pdf,0.0
54227873,10554236.pdf,0.0
28005884,10554236.pdf,0.0
82246962,10554236.pdf,0.0
13149176,10554236.pdf,0.0
12022566,10554236.pdf,0.0
20981299,10554236.pdf,0.0
25919149,10554236.pdf,0.0
86828820,10554236.pdf,0.0
28320387,10554236.pdf,0.0
27756469,10554236.pdf,0.0
14049846,10554236.pdf,0.0
43752620,10554236.pdf,0.0
74236636,10554236.pdf,0.0
47549345,10554236.pdf,0.0
28505854,10554236.pdf,0.0
38535335,10554236.pdf,0.0
25608963,10554236.pdf,0.0
24647794,10554236.pdf,0.0
16803215,10554236.pdf,0.0
37335325,10554236.pdf,0.0
81125166,10554236.pdf,0.0
32081266,10554236.pdf,0.0
25797445,10554236.pdf,0.0
28831378,10554236.pdf,0.0
50328713,10554236.pdf,0.0
27040860,10554236.pdf,0.0
21807224,10554236.pdf,0.0
17926546,10554236.pdf,0.0
20882041,10554236.pdf,0.0
56691064,10554236.pdf,0.0
64755882,10554236.pdf,0.0
30097175,10554236.pdf,0.0
28628090,10554236.pdf,0.0
19612167,10554236.pdf,0.0
21298336,10554236.pdf,0.0
25930778,10554236.pdf,0.0
31684925,10554236.pdf,0.0
39855211,10554236.pdf,0.0
12518008,10554236.pdf,0.0
20566550,10554236.pdf,0.0
55953734,10554236.pdf,0.0
23234047,10554236.pdf,0.0
38314236,10554236.pdf,0.0
25425322,10554236.pdf,0.0
55595908,10554236.pdf,0.0
28631840,10554236.pdf,0.0
23438227,10554236.pdf,0.0
35737840,10554236.pdf,0.0
90280583,10554236.pdf,0.0
51588273,10554236.pdf,0.0
15601399,10554236.pdf,0.0
64468610,10554236.pdf,0.0
28078163,10554236.pdf,0.0
31677347,10554236.pdf,0.0
28762662,10554236.pdf,0.0
15858254,10554236.pdf,0.0
16911115,10554236.pdf,0.0
27152464,10554236.pdf,0.0
35651876,10554236.pdf,0.0
19124258,10554236.pdf,0.0
24322804,10554236.pdf,0.0
12488356,10554236.pdf,0.0
26834746,10554236.pdf,0.0
32985311,10554236.pdf,0.0
39835894,10554236.pdf,0.0
21847415,10554236.pdf,0.0
30288581,10554236.pdf,0.0
36149549,10554236.pdf,0.0
17103000,10554236.pdf,0.0
12011623,10554236.pdf,0.0
12748557,10554236.pdf,0.0
28923650,10554236.pdf,0.0
30542184,10554236.pdf,0.0
19396040,10554236.pdf,0.0
35389360,10554236.pdf,0.0
36517781,10554236.pdf,0.0
15941675,10554236.pdf,0.0
19397727,10554236.pdf,0.0
47919212,10554236.pdf,0.0
10712803,10554236.pdf,0.0
14554542,10554236.pdf,0.0
22605864,10554236.pdf,0.0
49127329,10554236.pdf,0.0
10219099,10554236.pdf,0.0
82125182,10554236.pdf,0.0
22890839,10554236.pdf,0.0
17108676,10554236.pdf,0.0
17488801,10554236.pdf,0.0
23497307,10554236.pdf,0.0
19553067,10554236.pdf,0.0
11981094,10554236.pdf,0.0
17043822,10554236.pdf,0.0
21038022,10554236.pdf,0.0
60004873,10554236.pdf,0.0
38220146,10554236.pdf,0.0
47276718,10554236.pdf,0.0
28630325,10554236.pdf,0.0
13264796,10554236.pdf,0.0
96029688,10554236.pdf,0.0
32802563,10554236.pdf,0.0
18753367,10554236.pdf,0.0
26456899,10554236.pdf,0.0
10985403,10554236.pdf,0.0
10030015,10554236.pdf,0.0
86209934,10554236.pdf,0.0
11890896,10554236.pdf,0.0
10624813,10554236.pdf,0.0
61579998,10554236.pdf,0.0
62071407,10554236.pdf,0.0
12472574,10554236.pdf,0.0
31694970,10554236.pdf,0.0
33685075,10554236.pdf,0.0
77828437,10554236.pdf,0.0
35172961,10554236.pdf,0.0
21629057,10554236.pdf,0.0
15906625,10554236.pdf,0.0
30361788,10554236.pdf,0.0
21031285,10554236.pdf,0.0
25749150,10554236.pdf,0.0
12338274,10554236.pdf,0.0
33527446,10554236.pdf,0.0
12442909,10554236.pdf,0.0
37997506,10554236.pdf,0.0
37370455,10554236.pdf,0.0
10554236,10554236.pdf,0.0
31602598,10554236.pdf,0.0
19545827,10554236.pdf,0.0
14470533,10554236.pdf,0.0
43685045,10554236.pdf,0.0
18365791,10554236.pdf,0.0
14224370,10554236.pdf,0.0
21794875,10554236.pdf,0.0
23734441,10554236.pdf,0.0
39115899,10554236.pdf,0.0
23139819,10554236.pdf,0.0
42487883,10554236.pdf,0.0
23636277,10554236.pdf,0.0
21338490,10554236.pdf,0.0
14491649,10554236.pdf,0.0
17407184,10554236.pdf,0.0
30813919,10554236.pdf,0.0
78403342,10554236.pdf,0.0
20393721,10554236.pdf,0.0
24817041,10554236.pdf,0.0
27980446,10554236.pdf,0.0
25462793,10554236.pdf,0.0
29456173,10554236.pdf,0.0
59403481,10554236.pdf,0.0
13491889,10554236.pdf,0.0
25846894,10554236.pdf,0.0
53640713,10554236.pdf,0.0
11163645,10554236.pdf,0.0
23513618,10554236.pdf,0.0
75286906,10554236.pdf,0.0
20253563,10554236.pdf,0.0
16237710,10554236.pdf,0.0
13294301,10554236.pdf,0.0
13130984,10554236.pdf,0.0
25127518,10554236.pdf,0.0
24799301,10554236.pdf,0.0
25067742,10554236.pdf,0.0
15821633,10554236.pdf,0.0
15363277,10554236.pdf,0.0
18132924,10554236.pdf,0.0
63137898,10554236.pdf,0.0
21763056,10554236.pdf,0.0
20624984,10554236.pdf,0.0
25935030,10554236.pdf,0.0
17556527,10554236.pdf,0.0
28939941,10554236.pdf,0.0
28359817,10554236.pdf,0.0
20345168,10554236.pdf,0.0
14496667,10554236.pdf,0.0
25862026,10554236.pdf,0.0
23246831,10554236.pdf,0.0
49204385,10554236.pdf,0.0
12802330,10554236.pdf,0.0
22925443,10554236.pdf,0.0
28614791,10554236.pdf,0.0
30304575,10554236.pdf,0.0
26065877,10554236.pdf,0.0
29821051,10554236.pdf,0.0
29999135,10554236.pdf,0.0
21853199,10554236.pdf,0.0
39674178,10554236.pdf,0.0
14449423,10554236.pdf,0.0
25547145,10554236.pdf,0.0
14055988,10554236.pdf,0.0
27637576,10554236.pdf,0.0
49997097,10554236.pdf,0.0
27558837,10554236.pdf,0.0
14126433,10554236.pdf,0.0
34198885,10554236.pdf,0.0
62809577,10554236.pdf,0.0
12065211,10554236.pdf,0.0
23416654,10554236.pdf,0.0
38847011,10554236.pdf,0.0
27573855,10554236.pdf,0.0
15592167,10554236.pdf,0.0
20082776,10554236.pdf,0.0
10674770,10554236.pdf,0.0
24294778,10554236.pdf,0.0
11759079,10554236.pdf,0.0
18669563,10554236.pdf,0.0
18569929,10554236.pdf,0.0
80053367,10554236.pdf,0.0
87635012,10554236.pdf,0.0
24703009,10554236.pdf,0.0
25867805,10554236.pdf,0.0
35554162,10554236.pdf,0.0
13701259,10554236.pdf,0.0
12202337,10554236.pdf,0.0
19446337,10554236.pdf,0.0
15289348,10554236.pdf,0.0
28969385,10554236.pdf,0.0
36425270,10554236.pdf,0.0
78257294,10554236.pdf,0.0
23438112,10554236.pdf,0.0
98559931,10554236.pdf,0.0
17306905,10554236.pdf,0.0
12780508,10554236.pdf,0.0
26975573,10554236.pdf,0.0
28298773,10554236.pdf,0.0
29050809,10554236.pdf,0.0
34816637,10554236.pdf,0.0
22465498,10554236.pdf,0.0
24103168,10554236.pdf,0.0
36024962,10554236.pdf,0.0
18635654,10554236.pdf,0.0
50222417,10554236.pdf,0.0
23387174,10554236.pdf,0.0
13072019,10554236.pdf,0.0
82649935,10554236.pdf,0.0
99433371,10554236.pdf,0.0
10734870,10554236.pdf,0.0
18472240,10554236.pdf,0.0
71576860,10554236.pdf,0.0
29087505,10554236.pdf,0.0
22965804,10554236.pdf,0.0
33141415,10554236.pdf,0.0
26509539,10554236.pdf,0.0
36331163,10554236.pdf,0.0
25656981,10554236.pdf,0.0
26091595,10554236.pdf,0.0
11393213,10554236.pdf,0.0
14900898,10554236.pdf,0.0
25098739,10554236.pdf,0.0
78114950,10554236.pdf,0.0
35971546,10554236.pdf,0.0
22019500,10554236.pdf,0.0
12839152,10554236.pdf,0.0
16353584,10554236.pdf,0.0
29878348,10554236.pdf,0.0
28815362,10554236.pdf,0.0
15564893,10554236.pdf,0.0
12491898,10554236.pdf,0.0
29574501,10554236.pdf,0.0
32799518,10554236.pdf,0.0
28942221,10554236.pdf,0.0
10176013,10554236.pdf,0.0
16378091,10554236.pdf,0.0
16203589,10554236.pdf,0.0
63145386,10554236.pdf,0.0
13907230,10554236.pdf,0.0
21586858,10554236.pdf,0.0
61065616,10554236.pdf,0.0
19471144,10554236.pdf,0.0
17342969,10554236.pdf,0.0
10041713,10554236.pdf,0.0
24770846,10554236.pdf,0.0
24740005,10554236.pdf,0.0
14585273,10554236.pdf,0.0
28756444,10554236.pdf,0.0
10281555,10554236.pdf,0.0
48549972,10554236.pdf,0.0
17252448,10554236.pdf,0.0
15721849,10554236.pdf,0.0
56525735,10554236.pdf,0.0
51638201,10554236.pdf,0.0
94503308,10554236.pdf,0.0
27835351,10554236.pdf,0.0
38946032,10554236.pdf,0.0
39674782,10554236.pdf,0.0
29193505,10554236.pdf,0.0
12890045,10554236.pdf,0.0
29894080,10554236.pdf,0.0
32025286,10554236.pdf,0.0
21567392,10554236.pdf,0.0
32265203,10554236.pdf,0.0
27246366,10554236.pdf,0.0
27066370,10554236.pdf,0.0
21363048,10554236.pdf,0.0
21782152,10554236.pdf,0.0
16626724,10554236.pdf,0.0
25224998,10554236.pdf,0.0
28803888,10554236.pdf,0.0
25187733,10554236.pdf,0.0
88859947,10554236.pdf,0.0
17570634,10554236.pdf,0.0
10149490,10554236.pdf,0.0
19364677,10554236.pdf,0.0
22983516,10554236.pdf,0.0
31850269,10554236.pdf,0.0
27243670,10554236.pdf,0.0
44147689,10554236.pdf,0.0
12654876,10554236.pdf,0.0
49685006,10554236.pdf,0.0
12212468,10554236.pdf,0.0
29483501,10554236.pdf,0.0
69764348,10554236.pdf,0.0
18882984,10554236.pdf,0.0
45475027,10554236.pdf,0.0
34544955,10554236.pdf,0.0
93436805,10554236.pdf,0.0
39908485,10554236.pdf,0.0
39566718,10554236.pdf,0.0
12666174,10554236.pdf,0.0
20565849,10554236.pdf,0.0
12693146,10554236.pdf,0.0
14849103,10554236.pdf,0.0
10100240,10554236.pdf,0.0
22894544,10554236.pdf,0.0
19928941,10554236.pdf,0.0
39027764,10554236.pdf,0.0
23818675,10554236.pdf,0.0
24953126,10554236.pdf,0.0
22718826,10554236.pdf,0.0
24361598,10554236.pdf,0.0
20681037,10554236.pdf,0.0
16924279,10554236.pdf,0.0
30311725,10554236.pdf,0.0
29061628,10554236.pdf,0.0
33023370,10554236.pdf,0.0
32773331,10554236.pdf,0.0
10820510,10554236.pdf,0.0
28949406,10554236.pdf,0.0
12826414,10554236.pdf,0.0
63083944,10554236.pdf,0.0
22546476,10554236.pdf,0.0
90032884,10554236.pdf,0.0
27187994,10554236.pdf,0.0
30397268,10554236.pdf,0.0
78298706,10554236.pdf,0.0
11650031,10554236.pdf,0.0
12695537,10554236.pdf,0.0
31392754,10554236.pdf,0.0
23143731,10554236.pdf,0.0
26130673,10554236.pdf,0.0
25070914,10554236.pdf,0.0
37913536,10554236.pdf,0.0
14278888,10554236.pdf,0.0
28831442,10554236.pdf,0.0
98086373,10554236.pdf,0.0
23673025,10554236.pdf,0.0
10070224,10554236.pdf,0.0
28290448,10554236.pdf,0.0
24559558,10554236.pdf,0.0
28862054,10554236.pdf,0.0
14536764,10554236.pdf,0.0
37087371,10554236.pdf,0.0
12191094,10554236.pdf,0.0
12920612,10554236.pdf,0.0
14009087,10554236.pdf,0.0
91197243,10554236.pdf,0.0
12545844,10554236.pdf,0.0
31292364,10554236.pdf,0.0
11902276,10554236.pdf,0.0
18436190,10554236.pdf,0.0
23771896,10554236.pdf,0.0
25413261,10554236.pdf,0.0
49119887,10554236.pdf,0.0
27000192,10554236.pdf,0.0
27257013,10554236.pdf,0.0
45900271,10554236.pdf,0.0
22560013,10554236.pdf,0.0
24977396,10554236.pdf,0.0
14364597,10554236.pdf,0.0
59346975,10554236.pdf,0.0
11850315,10554236.pdf,0.0
24710433,10554236.pdf,0.0
21297828,10554236.pdf,0.0
26330995,10554236.pdf,0.0
30642458,10554236.pdf,0.0
19503224,10554236.pdf,0.0
36107065,10554236.pdf,0.0
10554045,10554236.pdf,0.0
29525715,10554236.pdf,0.0
15917885,10554236.pdf,0.0
12567516,10554236.pdf,0.0
21478007,10554236.pdf,0.0
24590489,10554236.pdf,0.0
14667659,10554236.pdf,0.0
19929506,10554236.pdf,0.0
31220062,10554236.pdf,0.0
26173524,10554236.pdf,0.0
85973397,10554236.pdf,0.0
18133495,10554236.pdf,0.0
14128006,10554236.pdf,0.0
16620172,10554236.pdf,0.0
25001005,10554236.pdf,0.0
19497420,10554236.pdf,0.0
37375999,10554236.pdf,0.0
11160414,10554236.pdf,0.0
85766635,10554236.pdf,0.0
16226743,10554236.pdf,0.0
61319162,10554236.pdf,0.0
38056161,10554236.pdf,0.0
65237556,10554236.pdf,0.0
75329822,10554236.pdf,0.0
11624880,10554236.pdf,0.0
31211074,10554236.pdf,0.0
21669215,10554236.pdf,0.0
19558834,10554236.pdf,0.0
53701275,10554236.pdf,0.0
22455205,10554236.pdf,0.0
20966771,10554236.pdf,0.0
19072267,10554236.pdf,0.0
21321598,10554236.pdf,0.0
11842274,10554236.pdf,0.0
21549195,10554236.pdf,0.0
36671891,10554236.pdf,0.0
51415089,10554236.pdf,0.0
28531493,10554236.pdf,0.0
16103783,10554236.pdf,0.0
11635137,10554236.pdf,0.0
13129275,10554236.pdf,0.0
20470943,10554236.pdf,0.0
23015611,10554236.pdf,0.0
34712719,10554236.pdf,0.0
14910300,10554236.pdf,0.0
21386255,10554236.pdf,0.0
88651471,10554236.pdf,0.0
22861181,10554236.pdf,0.0
45462344,10554236.pdf,0.0
24677466,10554236.pdf,0.0
23602130,10554236.pdf,0.0
13915715,10554236.pdf,0.0
13727873,10554236.pdf,0.0
93828034,10554236.pdf,0.0
24491862,10554236.pdf,0.0
29329075,10554236.pdf,0.0
33072201,10554236.pdf,0.0
23631724,10554236.pdf,0.0
14611516,10554236.pdf,0.0
32441790,10554236.pdf,0.0
12237267,10554236.pdf,0.0
42332765,10554236.pdf,0.0
26127853,10554236.pdf,0.0
10926726,10554236.pdf,0.0
14966165,10554236.pdf,0.0
22754014,10554236.pdf,0.0
28975482,10554236.pdf,0.0
21663616,10554236.pdf,0.0
10873344,10554236.pdf,0.0
41590605,10554236.pdf,0.0
23048999,10554236.pdf,0.0
74552449,10554236.pdf,0.0
79041971,10554236.pdf,0.0
77156708,10554236.pdf,0.0
24580361,10554236.pdf,0.0
34953092,10554236.pdf,0.0
17189156,10554236.pdf,0.0
19920687,10554236.pdf,0.0
26579709,10554236.pdf,0.0
29093426,10554236.pdf,0.0
33286293,10554236.pdf,0.0
29552167,10554236.pdf,0.0
69243180,10554236.pdf,0.0
26987539,10554236.pdf,0.0
17276884,10554236.pdf,0.0
22615491,10554236.pdf,0.0
45167858,10554236.pdf,0.0
13982572,10554236.pdf,0.0
3547447,10554236.pdf,0.0
98965485,10554236.pdf,0.0
38897568,10554236.pdf,0.0
12021752,10554236.pdf,0.0
19149865,10554236.pdf,0.0
29839396,10554236.pdf,0.0
15856762,10554236.pdf,0.0
18208580,10554236.pdf,0.0
17396388,10554236.pdf,0.0
28419927,10554236.pdf,0.0
87867370,10554236.pdf,0.0
27120528,10554236.pdf,0.0
70667011,10554236.pdf,0.0
36302399,10554236.pdf,0.0
89049979,10554236.pdf,0.0
43375498,10554236.pdf,0.0
30713796,10554236.pdf,0.0
18805506,10554236.pdf,0.0
39247950,10554236.pdf,0.0
30127072,10554236.pdf,0.0
11065180,10554236.pdf,0.0
11637468,10554236.pdf,0.0
54421668,10554236.pdf,0.0
13393401,10554236.pdf,0.0
71422121,10554236.pdf,0.0
18457785,10554236.pdf,0.0
21856577,10554236.pdf,0.0
21645690,10554236.pdf,0.0
25780596,10554236.pdf,0.0
34185495,10554236.pdf,0.0
35483925,10554236.pdf,0.0
19374660,10554236.pdf,0.0
34758680,10554236.pdf,0.0
21297521,10554236.pdf,0.0
23323001,10554236.pdf,0.0
25080805,10554236.pdf,0.0
27606527,10554236.pdf,0.0
33872500,10554236.pdf,0.0
18172739,10554236.pdf,0.0
32980197,10554236.pdf,0.0
11672279,10554236.pdf,0.0
33135102,10554236.pdf,0.0
20850529,10554236.pdf,0.0
34783330,10554236.pdf,0.0
33370664,10554236.pdf,0.0
17823436,10554236.pdf,0.0
15553584,10554236.pdf,0.0
39569771,10554236.pdf,0.0
11842348,10554236.pdf,0.0
36905896,10554236.pdf,0.0
13173522,10554236.pdf,0.0
25624652,10554236.pdf,0.0
11262933,10554236.pdf,0.0
10909673,10554236.pdf,0.0
98348532,10554236.pdf,0.0
19176318,10554236.pdf,0.0
17818707,10554236.pdf,0.0
17213671,10554236.pdf,0.0
31025785,10554236.pdf,0.0
60489316,10554236.pdf,0.0
60182829,10554236.pdf,0.0
21796843,10554236.pdf,0.0
65864767,10554236.pdf,0.0
11773925,10554236.pdf,0.0
26673507,10554236.pdf,0.0
72876163,10554236.pdf,0.0
18824120,10554236.pdf,0.0
27884470,10554236.pdf,0.0
64589506,10554236.pdf,0.0
29406313,10554236.pdf,0.0
16300459,10554236.pdf,0.0
20992320,10554236.pdf,0.0
73157997,10554236.pdf,0.0
28895997,10554236.pdf,0.0
28051330,10554236.pdf,0.0
25162378,10554236.pdf,0.0
99124477,10554236.pdf,0.0
17131084,10554236.pdf,0.0
19437318,10554236.pdf,0.0
35564026,10554236.pdf,0.0
16407619,10554236.pdf,0.0
10329506,10554236.pdf,0.0
19911786,10554236.pdf,0.0
96493528,10554236.pdf,0.0
35492909,10554236.pdf,0.0
25200253,10554236.pdf,0.0
68781345,10554236.pdf,0.0
14391434,10554236.pdf,0.0
14626780,10554236.pdf,0.0
28989677,10554236.pdf,0.0
41651672,10554236.pdf,0.0
18645964,10554236.pdf,0.0
18278509,10554236.pdf,0.0
18369400,10554236.pdf,0.0
11266906,10554236.pdf,0.0
31710562,10554236.pdf,0.0
39142536,10554236.pdf,0.0
21756639,10554236.pdf,0.0
31273413,10554236.pdf,0.0
12386670,10554236.pdf,0.0
93576192,10554236.pdf,0.0
15306049,10554236.pdf,0.0
31114531,10554236.pdf,0.0
21060367,10554236.pdf,0.0
17325147,10554236.pdf,0.0
23752500,10554236.pdf,0.0
20149476,10554236.pdf,0.0
54100393,10554236.pdf,0.0
11187796,10554236.pdf,0.0
39470264,10554236.pdf,0.0
12413512,10554236.pdf,0.0
14879257,10554236.pdf,0.0
46055835,10554236.pdf,0.0
33344933,10554236.pdf,0.0
24983760,10554236.pdf,0.0
29148871,10554236.pdf,0.0
28325193,10554236.pdf,0.0
15265464,10554236.pdf,0.0
24349611,10554236.pdf,0.0
19508520,10554236.pdf,0.0
22800977,10554236.pdf,0.0
36758947,10554236.pdf,0.0
11555549,10554236.pdf,0.0
32318506,10554236.pdf,0.0
73497035,10554236.pdf,0.0
12777487,10554236.pdf,0.0
36379931,10554236.pdf,0.0
26069113,10554236.pdf,0.0
41950126,10554236.pdf,0.0
20488267,10554236.pdf,0.0
22593054,10554236.pdf,0.0
25561640,10554236.pdf,0.0
43622023,10554236.pdf,0.0
18319061,10554236.pdf,0.0
25923361,10554236.pdf,0.0
18106533,10554236.pdf,0.0
50432401,10554236.pdf,0.0
19724031,10554236.pdf,0.0
28471099,10554236.pdf,0.0
22848179,10554236.pdf,0.0
37220856,10554236.pdf,0.0
78107631,10554236.pdf,0.0
21867728,10554236.pdf,0.0
37472265,10554236.pdf,0.0
17033567,10554236.pdf,0.0
19671909,10554236.pdf,0.0
11995013,10554236.pdf,0.0
28629430,10554236.pdf,0.0
53227466,10554236.pdf,0.0
26079779,10554236.pdf,0.0
83338413,10554236.pdf,0.0
18029935,10554236.pdf,0.0
16962067,10554236.pdf,0.0
14150896,10554236.pdf,0.0
27936502,10554236.pdf,0.0
65325317,10554236.pdf,0.0
30594821,10554236.pdf,0.0
27164756,10554236.pdf,0.0
34146825,10554236.pdf,0.0
99561379,10554236.pdf,0.0
54180474,10554236.pdf,0.0
37751611,10554236.pdf,0.0
73030450,10554236.pdf,0.0
39608848,10554236.pdf,0.0
16244633,10554236.pdf,0.0
10830646,10554236.pdf,0.0
27024099,10554236.pdf,0.0
65352424,10554236.pdf,0.0
28711616,10554236.pdf,0.0
39064638,10554236.pdf,0.0
18586076,10554236.pdf,0.0
13272204,10554236.pdf,0.0
11360471,10554236.pdf,0.0
18885767,10554236.pdf,0.0
20698469,10554236.pdf,0.0
27715131,10554236.pdf,0.0
32794700,10554236.pdf,0.0
23139437,10554236.pdf,0.0
23917826,10554236.pdf,0.0
20148147,10554236.pdf,0.0
34304175,10554236.pdf,0.0
26410763,10554236.pdf,0.0
21809601,10554236.pdf,0.0
27096796,10554236.pdf,0.0
25157655,10554236.pdf,0.0
25926667,10554236.pdf,0.0
20356750,10554236.pdf,0.0
24061629,10554236.pdf,0.0
17694454,10554236.pdf,0.0
99033098,10554236.pdf,0.0
38115035,10554236.pdf,0.0
17857644,10554236.pdf,0.0
12334650,10554236.pdf,0.0
36019469,10554236.pdf,0.0
79432080,10554236.pdf,0.0
94230796,10554236.pdf,0.0
66226673,10554236.pdf,0.0
83206166,10554236.pdf,0.0
22182279,10554236.pdf,0.0
16887936,10554236.pdf,0.0
14248724,10554236.pdf,0.0
69458502,10554236.pdf,0.0
82738323,10554236.pdf,0.0
16833515,10554236.pdf,0.0
11804712,10554236.pdf,0.0
21287405,10554236.pdf,0.0
10176815,10554236.pdf,0.0
29221006,10554236.pdf,0.0
23761385,10554236.pdf,0.0
38355831,10554236.pdf,0.0
24773845,10554236.pdf,0.0
17876954,10554236.pdf,0.0
36252245,10554236.pdf,0.0
32720816,10554236.pdf,0.0
36727173,10554236.pdf,0.0
91431878,10554236.pdf,0.0
42546558,10554236.pdf,0.0
87826037,10554236.pdf,0.0
17483843,10554236.pdf,0.0
22232367,10554236.pdf,0.0
70198580,10554236.pdf,0.0
67631413,10554236.pdf,0.0
26819872,10554236.pdf,0.0
13234267,10554236.pdf,0.0
26888302,10554236.pdf,0.0
13195436,10554236.pdf,0.0
81588968,10554236.pdf,0.0
18268860,10554236.pdf,0.0
14790629,10554236.pdf,0.0
12144825,10554236.pdf,0.0
90318913,10554236.pdf,0.0
26279402,10554236.pdf,0.0
94137171,10554236.pdf,0.0
27902692,10554236.pdf,0.0
28186635,10554236.pdf,0.0
42641525,10554236.pdf,0.0
34419403,10554236.pdf,0.0
43720116,10554236.pdf,0.0
15618327,10554236.pdf,0.0
14589288,10554236.pdf,0.0
43408471,10554236.pdf,0.0
38154903,10554236.pdf,0.0
29167286,10554236.pdf,0.0
11169163,10554236.pdf,0.0
28383893,10554236.pdf,0.0
20026169,10554236.pdf,0.0
38047274,10554236.pdf,0.0
16449694,10554236.pdf,0.0
11137306,10554236.pdf,0.0
19818707,10554236.pdf,0.0
17274759,10554236.pdf,0.0
19506295,10554236.pdf,0.0
50775901,10554236.pdf,0.0
22990761,10554236.pdf,0.0
10945968,10554236.pdf,0.0
12192507,10554236.pdf,0.0
24154692,10554236.pdf,0.0
23985183,10554236.pdf,0.0
29161565,10554236.pdf,0.0
11333001,10554236.pdf,0.0
25718772,10554236.pdf,0.0
65219288,10554236.pdf,0.0
27502951,10554236.pdf,0.0
15823995,10554236.pdf,0.0
22650051,10554236.pdf,0.0
24668861,10554236.pdf,0.0
42427521,10554236.pdf,0.0
96457008,10554236.pdf,0.0
38989376,10554236.pdf,0.0
13405229,10554236.pdf,0.0
17686472,10554236.pdf,0.0
54232810,10554236.pdf,0.0
25719936,10554236.pdf,0.0
68216398,10554236.pdf,0.0
17983430,10554236.pdf,0.0
92283635,10554236.pdf,0.0
11614114,10554236.pdf,0.0
61315605,10554236.pdf,0.0
16850314,10554236.pdf,0.0
11959428,10554236.pdf,0.0
10395944,10554236.pdf,0.0
10189110,10554236.pdf,0.0
10567764,10554236.pdf,0.0
30148777,10554236.pdf,0.0
24544244,10554236.pdf,0.0
19284293,10554236.pdf,0.0
11752500,10554236.pdf,0.0
31536294,10554236.pdf,0.0
22442947,10554236.pdf,0.0
27512470,10554236.pdf,0.0
14874322,10554236.pdf,0.0
23464505,10554236.pdf,0.0
12504278,10554236.pdf,0.0
58048626,10554236.pdf,0.0
15684810,10554236.pdf,0.0
17694572,10554236.pdf,0.0
22168194,10554236.pdf,0.0
29595906,10554236.pdf,0.0
77626587,10554236.pdf,0.0
98389424,10554236.pdf,0.0
38663892,10554236.pdf,0.0
17152392,10554236.pdf,0.0
49646155,10554236.pdf,0.0
33627938,10554236.pdf,0.0
12904972,10554236.pdf,0.0
12239749,10554236.pdf,0.0
16279537,10554236.pdf,0.0
17008356,10554236.pdf,0.0
28020046,10554236.pdf,0.0
25625173,10554236.pdf,0.0
29534737,10554236.pdf,0.0
17655479,10554236.pdf,0.0
12043694,10554236.pdf,0.0
99416532,10554236.pdf,0.0
24589765,10554236.pdf,0.0
31605080,10554236.pdf,0.0
21190805,10554236.pdf,0.0
37473139,10554236.pdf,0.0
